<?xml version="1.0" encoding ="utf-8"?>
<swc xmlns="http://www.adobe.com/flash/swccatalog/9">
  <versions>
    <swc version="1.2" />
    <flex version="4.0.0" build="10034" />
  </versions>
  <features>
    <feature-script-deps />
    <feature-components />
    <feature-files />
  </features>
  <components>
    <component className="org.swizframework.command:CommandChain" name="CommandChain" uri="http://swiz.swizframework.org"  />
    <component className="org.swizframework.controller:AbstractController" name="AbstractController" uri="http://swiz.swizframework.org"  />
    <component className="org.swizframework.error:ExpressionError" name="ExpressionError" uri="http://swiz.swizframework.org"  />
    <component className="org.swizframework.events:CentralDispatcher" name="CentralDispatcher" uri="http://swiz.swizframework.org"  />
    <component className="org.swizframework.events:DynamicMediator" name="DynamicMediator" uri="http://swiz.swizframework.org"  />
    <component className="org.swizframework.factory:BeanFactory" name="BeanFactory" uri="http://swiz.swizframework.org"  />
    <component className="org.swizframework.factory:IDispatcherBean" name="IDispatcherBean" uri="http://swiz.swizframework.org"  />
    <component className="org.swizframework.factory:IFactoryBean" name="IFactoryBean" uri="http://swiz.swizframework.org"  />
    <component className="org.swizframework.factory:IInitializingBean" name="IInitializingBean" uri="http://swiz.swizframework.org"  />
    <component className="org.swizframework.factory:IMetadataAwareBean" name="IMetadataAwareBean" uri="http://swiz.swizframework.org"  />
    <component className="org.swizframework.factory:Prototype" name="Prototype" uri="http://swiz.swizframework.org"  />
    <component className="org.swizframework.net:DynamicURLRequest" name="DynamicURLRequest" uri="http://swiz.swizframework.org"  />
    <component className="org.swizframework.rpc:DynamicCommand" name="DynamicCommand" uri="http://swiz.swizframework.org"  />
    <component className="org.swizframework.rpc:DynamicResponder" name="DynamicResponder" uri="http://swiz.swizframework.org"  />
    <component className="org.swizframework.rpc:MockAsyncToken" name="MockAsyncToken" uri="http://swiz.swizframework.org"  />
    <component className="org.swizframework.rpc:MockResultEvent" name="MockResultEvent" uri="http://swiz.swizframework.org"  />
    <component className="org.swizframework.storage:EncryptedLocalStorageBean" name="EncryptedLocalStorageBean" uri="http://swiz.swizframework.org"  />
    <component className="org.swizframework.storage:IEncryptedLocalStorageBean" name="IEncryptedLocalStorageBean" uri="http://swiz.swizframework.org"  />
    <component className="org.swizframework.storage:ISharedObjectBean" name="ISharedObjectBean" uri="http://swiz.swizframework.org"  />
    <component className="org.swizframework.storage:SharedObjectBean" name="SharedObjectBean" uri="http://swiz.swizframework.org"  />
    <component className="org.swizframework.util:BeanLoader" name="BeanLoader" uri="http://swiz.swizframework.org"  />
    <component className="org.swizframework.util:DynamicChannelSet" name="DynamicChannelSet" uri="http://swiz.swizframework.org"  />
    <component className="org.swizframework.util:ExpressionUtils" name="ExpressionUtils" uri="http://swiz.swizframework.org"  />
    <component className="org.swizframework.util:MediatorUtil" name="MediatorUtil" uri="http://swiz.swizframework.org"  />
    <component className="org.swizframework.util:TemplateUtil" name="TemplateUtil" uri="http://swiz.swizframework.org"  />
    <component className="org.swizframework.util:TestResponder" name="TestResponder" uri="http://swiz.swizframework.org"  />
    <component className="org.swizframework.util:TestUtil" name="TestUtil" uri="http://swiz.swizframework.org"  />
    <component className="org.swizframework:Swiz" name="Swiz" uri="http://swiz.swizframework.org"  />
    <component className="org.swizframework:SwizConfig" name="SwizConfig" uri="http://swiz.swizframework.org"  />
  </components>
  <libraries>
    <library path="library.swf">
      <script name="org/swizframework/rpc/DynamicResponder" mod="1256856753000" signatureChecksum="1647926480" >
        <def id="org.swizframework.rpc:DynamicResponder" /> 
        <dep id="mx.rpc:IResponder" type="i" /> 
        <dep id="Object" type="i" /> 
        <dep id="AS3" type="n" /> 
        <dep id="org.swizframework.events:CentralDispatcher" type="e" /> 
      </script>
      <script name="org/swizframework/SwizConfig" mod="1256856754000" signatureChecksum="2838903008" >
        <def id="org.swizframework:SwizConfig" /> 
        <dep id="flash.events:EventDispatcher" type="i" /> 
        <dep id="AS3" type="n" /> 
        <dep id="mx.logging:ILogger" type="s" /> 
        <dep id="flash.events:Event" type="s" /> 
        <dep id="org.swizframework:Swiz" type="s" /> 
        <dep id="mx.logging:LogEventLevel" type="e" /> 
        <dep id="mx.logging:Log" type="e" /> 
        <dep id="Error" type="e" /> 
        <dep id="mx.events:FlexEvent" type="e" /> 
        <dep id="org.swizframework:Swiz" type="e" /> 
      </script>
      <script name="org/swizframework/events/DynamicMediator" mod="1256856753000" signatureChecksum="963862866" >
        <def id="org.swizframework.events:DynamicMediator" /> 
        <dep id="Object" type="i" /> 
        <dep id="AS3" type="n" /> 
        <dep id="ReferenceError" type="s" /> 
        <dep id="Error" type="s" /> 
        <dep id="ReferenceError" type="e" /> 
        <dep id="Error" type="e" /> 
      </script>
      <script name="org/swizframework/error/ExpressionError" mod="1256856754000" signatureChecksum="1978018741" >
        <def id="org.swizframework.error:ExpressionError" /> 
        <dep id="Error" type="i" /> 
        <dep id="AS3" type="n" /> 
      </script>
      <script name="org/swizframework/storage/IEncryptedLocalStorageBean" mod="1256856754000" signatureChecksum="522096315" >
        <def id="org.swizframework.storage:IEncryptedLocalStorageBean" /> 
        <dep id="Object" type="i" /> 
        <dep id="AS3" type="n" /> 
      </script>
      <script name="org/swizframework/storage/EncryptedLocalStorageBean" mod="1256856754000" signatureChecksum="3039605605" >
        <def id="org.swizframework.storage:EncryptedLocalStorageBean" /> 
        <dep id="org.swizframework.storage:IEncryptedLocalStorageBean" type="i" /> 
        <dep id="Object" type="i" /> 
        <dep id="AS3" type="n" /> 
        <dep id="flash.utils:ByteArray" type="s" /> 
        <dep id="flash.data:EncryptedLocalStore" type="e" /> 
        <dep id="flash.utils:ByteArray" type="e" /> 
      </script>
      <script name="org/swizframework/rpc/MockResultEvent" mod="1256856753000" signatureChecksum="3028124572" >
        <def id="org.swizframework.rpc:MockResultEvent" /> 
        <dep id="mx.rpc.events:ResultEvent" type="i" /> 
        <dep id="AS3" type="n" /> 
        <dep id="mx.rpc:AsyncToken" type="s" /> 
        <dep id="mx.messaging.messages:IMessage" type="s" /> 
      </script>
      <script name="org/swizframework/util/MediatorUtil" mod="1256856754000" signatureChecksum="2784591084" >
        <def id="org.swizframework.util:MediatorUtil" /> 
        <dep id="Object" type="i" /> 
        <dep id="AS3" type="n" /> 
        <dep id="mx.logging:ILogger" type="s" /> 
        <dep id="ReferenceError" type="s" /> 
        <dep id="RegExp" type="s" /> 
        <dep id="XMLList" type="s" /> 
        <dep id="XML" type="s" /> 
        <dep id="flash.utils:describeType" type="e" /> 
        <dep id="org.swizframework.util:TemplateUtil" type="e" /> 
        <dep id="RegExp" type="e" /> 
        <dep id="ReferenceError" type="e" /> 
        <dep id="mx.logging:LogEventLevel" type="e" /> 
        <dep id="mx.logging:Log" type="e" /> 
        <dep id="Error" type="e" /> 
        <dep id="org.swizframework:Swiz" type="e" /> 
        <dep id="flash.utils:getDefinitionByName" type="e" /> 
      </script>
      <script name="org/swizframework/factory/IFactoryBean" mod="1256856754000" signatureChecksum="697385564" >
        <def id="org.swizframework.factory:IFactoryBean" /> 
        <dep id="Object" type="i" /> 
        <dep id="AS3" type="n" /> 
        <dep id="XML" type="s" /> 
      </script>
      <script name="org/swizframework/factory/Prototype" mod="1256856754000" signatureChecksum="2704654507" >
        <def id="org.swizframework.factory:Prototype" /> 
        <dep id="org.swizframework.factory:IFactoryBean" type="i" /> 
        <dep id="Object" type="i" /> 
        <dep id="AS3" type="n" /> 
        <dep id="mx.logging:ILogger" type="s" /> 
        <dep id="XML" type="s" /> 
        <dep id="flash.utils:describeType" type="e" /> 
        <dep id="mx.logging:LogEventLevel" type="e" /> 
        <dep id="mx.logging:Log" type="e" /> 
        <dep id="Error" type="e" /> 
        <dep id="org.swizframework:Swiz" type="e" /> 
        <dep id="flash.utils:getQualifiedClassName" type="e" /> 
        <dep id="org.swizframework.factory:IInitializingBean" type="e" /> 
        <dep id="mx.utils:UIDUtil" type="e" /> 
        <dep id="flash.utils:getDefinitionByName" type="e" /> 
      </script>
      <script name="org/swizframework/factory/IInitializingBean" mod="1256856754000" signatureChecksum="499524982" >
        <def id="org.swizframework.factory:IInitializingBean" /> 
        <dep id="Object" type="i" /> 
        <dep id="AS3" type="n" /> 
      </script>
      <script name="org/swizframework/util/DynamicChannelSet" mod="1256856754000" signatureChecksum="1946789372" >
        <def id="org.swizframework.util:DynamicChannelSet" /> 
        <dep id="mx.messaging:ChannelSet" type="i" /> 
        <dep id="org.swizframework.factory:IInitializingBean" type="i" /> 
        <dep id="AS3" type="n" /> 
        <dep id="mx.messaging:Channel" type="s" /> 
        <dep id="mx.messaging.channels:AMFChannel" type="e" /> 
        <dep id="org.swizframework:Swiz" type="e" /> 
      </script>
      <script name="_ae82bade08e6523e04849c7ede18a0bbe69590e549b6bfaaf185b7241e95a3aa_flash_display_Sprite" mod="1256858547355" signatureChecksum="2775284757" >
        <def id="_ae82bade08e6523e04849c7ede18a0bbe69590e549b6bfaaf185b7241e95a3aa_flash_display_Sprite" /> 
        <dep id="flash.display:Sprite" type="i" /> 
        <dep id="AS3" type="n" /> 
        <dep id="flash.system:Security" type="e" /> 
      </script>
      <script name="org/swizframework/factory/IMetadataAwareBean" mod="1256856754000" signatureChecksum="3127916856" >
        <def id="org.swizframework.factory:IMetadataAwareBean" /> 
        <dep id="Object" type="i" /> 
        <dep id="AS3" type="n" /> 
        <dep id="XML" type="s" /> 
      </script>
      <script name="org/swizframework/rpc/DynamicCommand" mod="1256856753000" signatureChecksum="794143142" >
        <def id="org.swizframework.rpc:DynamicCommand" /> 
        <dep id="mx.rpc:IResponder" type="i" /> 
        <dep id="Object" type="i" /> 
        <dep id="AS3" type="n" /> 
        <dep id="mx.rpc:AsyncToken" type="s" /> 
        <dep id="org.swizframework.command:CommandChain" type="s" /> 
        <dep id="org.swizframework.events:CentralDispatcher" type="e" /> 
      </script>
      <script name="org/swizframework/storage/ISharedObjectBean" mod="1256856754000" signatureChecksum="48944871" >
        <def id="org.swizframework.storage:ISharedObjectBean" /> 
        <dep id="Object" type="i" /> 
        <dep id="AS3" type="n" /> 
      </script>
      <script name="org/swizframework/storage/SharedObjectBean" mod="1256856754000" signatureChecksum="3373732421" >
        <def id="org.swizframework.storage:SharedObjectBean" /> 
        <dep id="org.swizframework.storage:ISharedObjectBean" type="i" /> 
        <dep id="flash.events:EventDispatcher" type="i" /> 
        <dep id="AS3" type="n" /> 
        <dep id="mx.logging:ILogger" type="s" /> 
        <dep id="flash.net:SharedObject" type="s" /> 
        <dep id="flash.net:SharedObject" type="e" /> 
        <dep id="mx.logging:Log" type="e" /> 
        <dep id="flash.events:Event" type="e" /> 
      </script>
      <script name="org/swizframework/util/TestResponder" mod="1256856754000" signatureChecksum="2226543806" >
        <def id="org.swizframework.util:TestResponder" /> 
        <dep id="mx.rpc:IResponder" type="i" /> 
        <dep id="flash.events:EventDispatcher" type="i" /> 
        <dep id="AS3" type="n" /> 
        <dep id="mx.rpc.events:FaultEvent" type="e" /> 
        <dep id="mx.rpc.events:ResultEvent" type="e" /> 
      </script>
      <script name="org/swizframework/net/DynamicURLRequest" mod="1256856754000" signatureChecksum="1824821220" >
        <def id="org.swizframework.net:DynamicURLRequest" /> 
        <dep id="Object" type="i" /> 
        <dep id="AS3" type="n" /> 
        <dep id="flash.events:SecurityErrorEvent" type="s" /> 
        <dep id="flash.net:URLLoader" type="s" /> 
        <dep id="flash.events:ProgressEvent" type="s" /> 
        <dep id="flash.events:HTTPStatusEvent" type="s" /> 
        <dep id="flash.events:Event" type="s" /> 
        <dep id="flash.net:URLRequest" type="s" /> 
        <dep id="flash.events:IOErrorEvent" type="s" /> 
        <dep id="flash.events:SecurityErrorEvent" type="e" /> 
        <dep id="flash.net:URLLoader" type="e" /> 
        <dep id="flash.events:ProgressEvent" type="e" /> 
        <dep id="flash.events:HTTPStatusEvent" type="e" /> 
        <dep id="flash.events:Event" type="e" /> 
        <dep id="org.swizframework.events:CentralDispatcher" type="e" /> 
        <dep id="flash.events:IOErrorEvent" type="e" /> 
      </script>
      <script name="org/swizframework/util/TemplateUtil" mod="1256856754000" signatureChecksum="568735722" >
        <def id="org.swizframework.util:TemplateUtil" /> 
        <dep id="Object" type="i" /> 
        <dep id="AS3" type="n" /> 
        <dep id="XML" type="s" /> 
        <dep id="mx.utils:StringUtil" type="e" /> 
      </script>
      <script name="org/swizframework/factory/BeanFactory" mod="1256856754000" signatureChecksum="2514106414" >
        <def id="org.swizframework.factory:BeanFactory" /> 
        <dep id="Object" type="i" /> 
        <dep id="AS3" type="n" /> 
        <dep id="flash.utils:Dictionary" type="s" /> 
        <dep id="mx.logging:ILogger" type="s" /> 
        <dep id="mx.utils:DescribeTypeCacheRecord" type="s" /> 
        <dep id="ReferenceError" type="s" /> 
        <dep id="org.swizframework.factory:IMetadataAwareBean" type="s" /> 
        <dep id="XMLList" type="s" /> 
        <dep id="XML" type="s" /> 
        <dep id="flash.events:IEventDispatcher" type="s" /> 
        <dep id="org.swizframework.util:BeanLoader" type="s" /> 
        <dep id="org.swizframework.events:DynamicMediator" type="s" /> 
        <dep id="mx.binding.utils:ChangeWatcher" type="s" /> 
        <dep id="flash.utils:Dictionary" type="e" /> 
        <dep id="flash.utils:describeType" type="e" /> 
        <dep id="mx.logging:LogEventLevel" type="e" /> 
        <dep id="mx.utils:DescribeTypeCache" type="e" /> 
        <dep id="mx.logging:Log" type="e" /> 
        <dep id="org.swizframework.util:ExpressionUtils" type="e" /> 
        <dep id="org.swizframework.factory:IMetadataAwareBean" type="e" /> 
        <dep id="XMLList" type="e" /> 
        <dep id="org.swizframework:Swiz" type="e" /> 
        <dep id="org.swizframework.factory:IFactoryBean" type="e" /> 
        <dep id="mx.binding.utils:BindingUtils" type="e" /> 
        <dep id="ReferenceError" type="e" /> 
        <dep id="Error" type="e" /> 
        <dep id="org.swizframework.factory:IDispatcherBean" type="e" /> 
        <dep id="org.swizframework.util:MediatorUtil" type="e" /> 
        <dep id="org.swizframework.events:DynamicMediator" type="e" /> 
        <dep id="flash.utils:getQualifiedClassName" type="e" /> 
        <dep id="org.swizframework.factory:IInitializingBean" type="e" /> 
        <dep id="mx.utils:UIDUtil" type="e" /> 
      </script>
      <script name="org/swizframework/factory/IDispatcherBean" mod="1256856754000" signatureChecksum="1926903558" >
        <def id="org.swizframework.factory:IDispatcherBean" /> 
        <dep id="Object" type="i" /> 
        <dep id="AS3" type="n" /> 
        <dep id="flash.events:IEventDispatcher" type="s" /> 
      </script>
      <script name="org/swizframework/util/BeanLoader" mod="1256856754000" signatureChecksum="208777451" >
        <def id="org.swizframework.util:BeanLoader" /> 
        <dep id="mx.collections:ListCollectionView" type="i" /> 
        <dep id="flash.events:IEventDispatcher" type="i" /> 
        <dep id="AS3" type="n" /> 
        <dep id="flash.utils:Dictionary" type="s" /> 
        <dep id="mx.logging:ILogger" type="s" /> 
        <dep id="XMLList" type="s" /> 
        <dep id="XML" type="s" /> 
        <dep id="org.swizframework:Swiz" type="s" /> 
        <dep id="mx.events:CollectionEvent" type="s" /> 
        <dep id="flash.utils:Dictionary" type="e" /> 
        <dep id="flash.utils:describeType" type="e" /> 
        <dep id="mx.logging:LogEventLevel" type="e" /> 
        <dep id="mx.logging:Log" type="e" /> 
        <dep id="org.swizframework:Swiz" type="e" /> 
        <dep id="mx.events:PropertyChangeEvent" type="e" /> 
      </script>
      <script name="org/swizframework/Swiz" mod="1256856754000" signatureChecksum="3990595384" >
        <def id="org.swizframework:Swiz" /> 
        <dep id="Object" type="i" /> 
        <dep id="AS3" type="n" /> 
        <dep id="flash.utils:Dictionary" type="s" /> 
        <dep id="mx.rpc:AsyncToken" type="s" /> 
        <dep id="mx.logging:ILogger" type="s" /> 
        <dep id="org.swizframework.rpc:DynamicCommand" type="s" /> 
        <dep id="flash.events:Event" type="s" /> 
        <dep id="flash.events:IEventDispatcher" type="s" /> 
        <dep id="mx.events:FlexEvent" type="s" /> 
        <dep id="org.swizframework.net:DynamicURLRequest" type="s" /> 
        <dep id="flash.net:URLRequest" type="s" /> 
        <dep id="org.swizframework.events:CentralDispatcher" type="s" /> 
        <dep id="org.swizframework.factory:BeanFactory" type="s" /> 
        <dep id="flash.utils:Dictionary" type="e" /> 
        <dep id="mx.core:Application" type="e" /> 
        <dep id="mx.logging:LogEventLevel" type="e" /> 
        <dep id="mx.logging:Log" type="e" /> 
        <dep id="org.swizframework.rpc:DynamicResponder" type="e" /> 
        <dep id="org.swizframework.rpc:DynamicCommand" type="e" /> 
        <dep id="mx.core:FlexGlobals" type="e" /> 
        <dep id="flash.events:Event" type="e" /> 
        <dep id="flash.events:IEventDispatcher" type="e" /> 
        <dep id="mx.events:FlexEvent" type="e" /> 
        <dep id="org.swizframework.net:DynamicURLRequest" type="e" /> 
        <dep id="org.swizframework.events:CentralDispatcher" type="e" /> 
        <dep id="org.swizframework.factory:BeanFactory" type="e" /> 
        <dep id="flash.display:DisplayObject" type="e" /> 
        <dep id="flash.display:Sprite" type="e" /> 
        <dep id="Error" type="e" /> 
        <dep id="flash.utils:getQualifiedClassName" type="e" /> 
      </script>
      <script name="org/swizframework/util/TestUtil" mod="1256856754000" signatureChecksum="3489659345" >
        <def id="org.swizframework.util:TestUtil" /> 
        <dep id="Object" type="i" /> 
        <dep id="AS3" type="n" /> 
        <dep id="mx.rpc:IResponder" type="s" /> 
        <dep id="mx.rpc:AsyncToken" type="s" /> 
        <dep id="mx.rpc.events:FaultEvent" type="s" /> 
        <dep id="mx.rpc:Fault" type="s" /> 
        <dep id="org.swizframework.util:TestResponder" type="s" /> 
        <dep id="flash.events:Event" type="s" /> 
        <dep id="mx.rpc.events:ResultEvent" type="s" /> 
        <dep id="mx.rpc:AsyncToken" type="e" /> 
        <dep id="flash.utils:setTimeout" type="e" /> 
        <dep id="mx.rpc.events:FaultEvent" type="e" /> 
        <dep id="org.swizframework.util:TestResponder" type="e" /> 
        <dep id="mx.rpc.events:ResultEvent" type="e" /> 
        <dep id="mx.managers:CursorManager" type="e" /> 
      </script>
      <script name="org/swizframework/controller/AbstractController" mod="1256856753000" signatureChecksum="2665985174" >
        <def id="org.swizframework.controller:AbstractController" /> 
        <dep id="Object" type="i" /> 
        <dep id="AS3" type="n" /> 
        <dep id="mx.rpc:AsyncToken" type="s" /> 
        <dep id="org.swizframework.rpc:DynamicCommand" type="s" /> 
        <dep id="org.swizframework:Swiz" type="s" /> 
        <dep id="flash.net:URLRequest" type="s" /> 
        <dep id="org.swizframework:Swiz" type="e" /> 
      </script>
      <script name="org/swizframework/rpc/MockAsyncToken" mod="1256856753000" signatureChecksum="4045124020" >
        <def id="org.swizframework.rpc:MockAsyncToken" /> 
        <dep id="mx.rpc:AsyncToken" type="i" /> 
        <dep id="AS3" type="n" /> 
        <dep id="mx.rpc:IResponder" type="s" /> 
        <dep id="flash.events:TimerEvent" type="s" /> 
        <dep id="flash.utils:Timer" type="s" /> 
        <dep id="org.swizframework.rpc:MockResultEvent" type="s" /> 
        <dep id="mx.events:PropertyChangeEvent" type="s" /> 
        <dep id="mx.rpc.events:ResultEvent" type="s" /> 
        <dep id="flash.events:TimerEvent" type="e" /> 
        <dep id="mx.messaging.messages:AbstractMessage" type="e" /> 
        <dep id="flash.utils:Timer" type="e" /> 
        <dep id="org.swizframework.rpc:MockResultEvent" type="e" /> 
        <dep id="mx.events:PropertyChangeEvent" type="e" /> 
      </script>
      <script name="org/swizframework/command/CommandChain" mod="1256856754000" signatureChecksum="127713765" >
        <def id="org.swizframework.command:CommandChain" /> 
        <dep id="Object" type="i" /> 
        <dep id="AS3" type="n" /> 
        <dep id="mx.collections:ArrayCollection" type="s" /> 
        <dep id="org.swizframework.rpc:DynamicCommand" type="s" /> 
        <dep id="flash.events:Event" type="s" /> 
        <dep id="mx.collections:ArrayCollection" type="e" /> 
        <dep id="org.swizframework.rpc:DynamicCommand" type="e" /> 
        <dep id="org.swizframework:Swiz" type="e" /> 
      </script>
      <script name="org/swizframework/events/CentralDispatcher" mod="1256856753000" signatureChecksum="1628730645" >
        <def id="org.swizframework.events:CentralDispatcher" /> 
        <dep id="flash.events:EventDispatcher" type="i" /> 
        <dep id="AS3" type="n" /> 
        <dep id="mx.utils:ObjectUtil" type="e" /> 
        <dep id="mx.controls:Alert" type="e" /> 
        <dep id="Error" type="e" /> 
        <dep id="flash.events:Event" type="e" /> 
      </script>
      <script name="org/swizframework/util/ExpressionUtils" mod="1256856754000" signatureChecksum="516452729" >
        <def id="org.swizframework.util:ExpressionUtils" /> 
        <dep id="Object" type="i" /> 
        <dep id="AS3" type="n" /> 
        <dep id="mx.logging:ILogger" type="s" /> 
        <dep id="ReferenceError" type="s" /> 
        <dep id="XML" type="s" /> 
        <dep id="org.swizframework.error:ExpressionError" type="e" /> 
        <dep id="ReferenceError" type="e" /> 
        <dep id="mx.logging:LogEventLevel" type="e" /> 
        <dep id="mx.logging:Log" type="e" /> 
        <dep id="org.swizframework:Swiz" type="e" /> 
        <dep id="flash.utils:getDefinitionByName" type="e" /> 
        <dep id="org.swizframework.factory:BeanFactory" type="e" /> 
      </script>
      <keep-as3-metadata>
        <metadata name="Mediate" />
        <metadata name="Autowire" />
      </keep-as3-metadata>
      <digests>
        <digest type="SHA-256" signed="false" value="2e22fb34a386ccae852a48aa262c45f3db63608145ffff02d45318f4cfbcd1b7"   />
      </digests>
    </library>
  </libraries>
  <files>
  </files>
</swc>
