<?xml version="1.0" encoding="utf-8"?>
<list>
    <employee>
    	<id>1</id>
    	<firstName>James</firstName>
    	<lastName>King</lastName>
    	<title>CEO</title>
    	<city>Boston, MA</city>
    	<department>Corporate</department>
    	<managerId>0</managerId>
    	<officePhone>202-000-0000</officePhone>
    	<cellPhone>202-111-1111</cellPhone>
    	<email>james.king@notmyrealmail.com</email>
    	<picture>assets/pics/1.jpg</picture>
    </employee>
    <employee>
    	<id>2</id>
    	<firstName>Eugene</firstName>
    	<lastName>Wong</lastName>
    	<title>CFO</title>
    	<city>Boston, MA</city>
    	<department>Finance</department>
    	<managerId>1</managerId>
    	<officePhone>202-000-0000</officePhone>
    	<cellPhone>202-111-1111</cellPhone>
    	<email>eugene.wong@notmyrealmail.com</email>
    	<picture>assets/pics/2.jpg</picture>
    </employee>
    <employee>
    	<id>3</id>
    	<firstName>Lisa</firstName>
    	<lastName>Johnson</lastName>
    	<title>VP Marketing</title>
    	<city>Boston, MA</city>
    	<department>Marketing</department>
    	<managerId>1</managerId>
    	<officePhone>202-000-0000</officePhone>
    	<cellPhone>202-111-1111</cellPhone>
    	<email>lisa.johnson@notmyrealmail.com</email>
    	<picture>assets/pics/3.jpg</picture>
    </employee>
    <employee>
    	<id>4</id>
    	<firstName>Mark</firstName>
    	<lastName>Taylor</lastName>
    	<title>VP of Sales</title>
    	<city>Boston, MA</city>
    	<department>Sales</department>
    	<managerId>1</managerId>
    	<officePhone>202-000-0000</officePhone>
    	<cellPhone>202-111-1111</cellPhone>
    	<email>mark.taylor@notmyrealmail.com</email>
    	<picture>assets/pics/4.jpg</picture>
    </employee>
    <employee>
    	<id>5</id>
    	<firstName>Marta</firstName>
    	<lastName>Gomez</lastName>
    	<title>VP of Engineering</title>
    	<city>Boston, MA</city>
    	<department>Engineering</department>
    	<managerId>1</managerId>
    	<officePhone>202-000-0000</officePhone>
    	<cellPhone>202-111-1111</cellPhone>
    	<email>marta.gomez@notmyrealmail.com</email>
    	<picture>assets/pics/5.jpg</picture>
    </employee>
    <employee>
    	<id>6</id>
    	<firstName>John</firstName>
    	<lastName>Smith</lastName>
    	<title>Engineering Manager</title>
    	<city>Boston, MA</city>
    	<department>Engineering</department>
    	<managerId>5</managerId>
    	<officePhone>202-000-0000</officePhone>
    	<cellPhone>202-111-1111</cellPhone>
    	<email>john.smith@notmyrealmail.com</email>
    	<picture>assets/pics/6.jpg</picture>
    </employee>
    <employee>
    	<id>7</id>
    	<firstName>Bob</firstName>
    	<lastName>Jones</lastName>
    	<title>QA Manager</title>
    	<city>Boston, MA</city>
    	<department>Engineering</department>
    	<managerId>5</managerId>
    	<officePhone>202-000-0000</officePhone>
    	<cellPhone>202-111-1111</cellPhone>
    	<email>bob.jones@notmyrealmail.com</email>
    	<picture>assets/pics/7.jpg</picture>
    </employee>
    <employee>
    	<id>8</id>
    	<firstName>Zack</firstName>
    	<lastName>Fisher</lastName>
    	<title>Marketing Manager</title>
    	<city>Boston, MA</city>
    	<department>Marketing</department>
    	<managerId>3</managerId>
    	<officePhone>202-000-0000</officePhone>
    	<cellPhone>202-111-1111</cellPhone>
    	<email>zack.fisher@notmyrealmail.com</email>
    	<picture>assets/pics/8.jpg</picture>
    </employee>
    <employee>
    	<id>9</id>
    	<firstName>Jason</firstName>
    	<lastName>King</lastName>
    	<title>Marketing Manager</title>
    	<city>Boston, MA</city>
    	<department>Marketing</department>
    	<managerId>3</managerId>
    	<officePhone>202-000-0000</officePhone>
    	<cellPhone>202-111-1111</cellPhone>
    	<email>jason.king@notmyrealmail.com</email>
    	<picture>assets/pics/9.jpg</picture>
    </employee>
    <employee>
    	<id>10</id>
    	<firstName>Nicole</firstName>
    	<lastName>Lu</lastName>
    	<title>Account Manager</title>
    	<city>Boston, MA</city>
    	<department>Sales</department>
    	<managerId>4</managerId>
    	<officePhone>202-000-0000</officePhone>
    	<cellPhone>202-111-1111</cellPhone>
    	<email>nicole.lu@notmyrealmail.com</email>
    	<picture>assets/pics/10.jpg</picture>
    </employee>
    <employee>
    	<id>11</id>
    	<firstName>Sophie</firstName>
    	<lastName>Dubois</lastName>
    	<title>Accountant</title>
    	<city>Boston, MA</city>
    	<department>Finance</department>
    	<managerId>2</managerId>
    	<officePhone>202-000-0000</officePhone>
    	<cellPhone>202-111-1111</cellPhone>
    	<email>sophie.dubois@notmyrealmail.com</email>
    	<picture>assets/pics/11.jpg</picture>
    </employee>
    <employee>
    	<id>12</id>
    	<firstName>Meg</firstName>
    	<lastName>Hosmer</lastName>
    	<title>Account Manager</title>
    	<city>Boston, MA</city>
    	<department>Sales</department>
    	<managerId>4</managerId>
    	<officePhone>202-000-0000</officePhone>
    	<cellPhone>202-111-1111</cellPhone>
    	<email>meg.hosmer@notmyrealmail.com</email>
    	<picture>assets/pics/12.jpg</picture>
    </employee>


</list>